{"bar": "bar", "onions": "onion", "bread": "bread", "love": "love", "salsa": "salsa", "tuna": "tuna", "pho": "pho", "sandwiches": "sandwich", "waiter": "waiter", "beer": "beer", "bartender": "bartend", "ribs": "rib", "pizza": "pizza", "bbq": "bbq", "variety": "varieti", "group": "group", "chips": "chip", "chicken": "chicken", "rice": "rice", "seating": "seat", "servers": "server", "burger": "burger", "server": "server", "left": "left", "parking": "park", "chocolate": "chocol", "music": "music", "pasta": "pasta", "steak": "steak", "lamb": "lamb", "salmon": "salmon", "crab": "crab", "dog": "dog", "boyfriend": "boyfriend", "soup": "soup", "buffet": "buffet", "breakfast": "breakfast", "waitress": "waitress", "taco": "taco", "friendly": "friendli", "wings": "wing", "flavor": "flavor", "cake": "cake", "weekend": "weekend", "price": "price", "pork": "pork", "night": "night", "decent": "decent", "maybe": "mayb", "italian": "italian", "salads": "salad", "fried": "fri", "friday": "friday", "tables": "tabl", "staff": "staff", "tacos": "taco", "serve": "serv", "sandwich": "sandwich", "menu": "menu", "crispy": "crispi", "noodles": "noodl", "disappointed": "disappoint", "combo": "combo", "kids": "kid", "cheese": "chees", "french": "french", "mexican": "mexican", "fries": "fri", "authentic": "authent", "wait": "wait", "family": "famili", "eggs": "egg", "hot": "hot", "sausage": "sausag", "tender": "tender", "sushi": "sushi", "atmosphere": "atmospher", "potato": "potato", "cream": "cream", "half": "half", "vegan": "vegan", "wine": "wine", "appetizer": "appet", "ambiance": "ambianc", "egg": "egg", "sauce": "sauc", "chinese": "chines", "cafe": "cafe", "actually": "actual", "curry": "curri", "vegetarian": "vegetarian", "drink": "drink", "party": "parti", "brunch": "brunch", "birthday": "birthday", "toast": "toast", "onion": "onion", "tomato": "tomato", "desserts": "dessert", "crust": "crust", "salty": "salti", "small": "small", "lunch": "lunch", "wife": "wife", "spicy": "spici", "favorite": "favorit", "fresh": "fresh", "thai": "thai", "garlic": "garlic", "customers": "custom", "seafood": "seafood", "quick": "quick", "burgers": "burger", "beef": "beef", "soft": "soft", "tea": "tea", "light": "light", "kind": "kind", "service": "servic", "beans": "bean", "vegas": "vega", "drinks": "drink", "week": "week", "corn": "corn", "appetizers": "appet", "patio": "patio", "burrito": "burrito", "started": "start", "care": "care", "meat": "meat", "potatoes": "potato", "food": "food", "dessert": "dessert", "bacon": "bacon", "tasty": "tasti", "quality": "qualiti", "grilled": "grill", "noodle": "noodl", "lobster": "lobster", "husband": "husband", "fast": "fast", "coffee": "coffe", "reservation": "reserv", "saturday": "saturday", "salad": "salad", "decor": "decor", "clean": "clean", "dinner": "dinner"}